{
  "best_epoch": 27,
  "test_metrics": {
    "test_accuracy": 0.721,
    "test_precision": 0.38674698795180723,
    "test_recall": 0.6300294406280668,
    "test_f1": 0.47928331466965285,
    "test_roc_auc": 0.7173362603869854,
    "test_avg_precision": 0.403128239738365,
    "test_mcc": 0.32017903974842815,
    "test_cohen_kappa": 0.30333043012728833,
    "test_specificity": 0.7442853554383321,
    "test_npv": 0.887125748502994
  },
  "splits": {
    "train_size": 47772,
    "val_size": 10000,
    "test_size": 10000
  }
}